,sender,receiver,message
0,3,8,how does he arrive at the figurem export consignments at an average cost of  each  bn times two be
1,7,8,is under so many federal investigations and reviews its getting hard to keep track right now h
2,8,1,is under so many federal investigations and reviews its getting hard to keep track right now h
3,8,14,is under so many federal investigations and reviews its getting hard to keep track right now h
4,8,15,is under so many federal investigations and reviews its getting hard to keep track right now h
5,8,30,is under so many federal investigations and reviews its getting hard to keep track right now h
6,8,31,is under so many federal investigations and reviews its getting hard to keep track right now h
7,8,33,is under so many federal investigations and reviews its getting hard to keep track right now h
8,8,36,is under so many federal investigations and reviews its getting hard to keep track right now h
9,8,39,is under so many federal investigations and reviews its getting hard to keep track right now h
10,8,47,is under so many federal investigations and reviews its getting hard to keep track right now h
11,8,49,is under so many federal investigations and reviews its getting hard to keep track right now h
12,10,8,is also reviewing whether s pal samantha dravis was col
13,16,8,papadopoulos failing to live by his agreements with the fedsthe court could lead to charges being brought forwa
14,18,8,i should also add as i accidentally left it out of tweet  that should papadopoulos have a suspended or defer
15,22,8,ignore the trump voters  they will never be convinced ever ignore the media if they dont get it we dont n
16,23,8,if youre not sure what to do go to   and find a chapter in your area  they will give you work to
17,24,8,foreign governments are not the only ones looking closely at  public filings as   and
18,29,8,please note that  was ag and that  is california agso for how long has that state be
19,35,8,folks sunlight is truly the greatest disinfectant of them all i admit that i was one of the skeptics that was
20,46,8,we see the same thing in the dealings with leach et al on environmental policy and the economics behind i
21,3,8,"yep, and the court could bring charges"
22,7,8,This is the most controversial thing to hear today from a congressional committee from Jon Thompson. Do you like Trump?
23,8,1,the government is very much putting pressure on the hmrc to allow them to reinvest in the hmrc
24,8,14,the government is very much putting pressure on the hmrc to allow them to reinvest in the hmrc
25,8,15,the government is very much putting pressure on the hmrc to allow them to reinvest in the hmrc
26,8,30,the government is very much putting pressure on the hmrc to allow them to reinvest in the hmrc
27,8,31,the government is very much putting pressure on the hmrc to allow them to reinvest in the hmrc
28,8,33,the government is very much putting pressure on the hmrc to allow them to reinvest in the hmrc
29,8,36,the government is very much putting pressure on the hmrc to allow them to reinvest in the hmrc
30,8,39,the government is very much putting pressure on the hmrc to allow them to reinvest in the hmrc
31,8,47,the government is very much putting pressure on the hmrc to allow them to reinvest in the hmrc
32,8,49,the government is very much putting pressure on the hmrc to allow them to reinvest in the hmrc
33,10,8,It is not unusual for Treasury to have that kind of testimony.
34,16,8,I was hoping to get a better insight of Max Fax.
35,18,8,"yep! i don't care about the prices, but if you look into it you can see that the value to buy a new customs partnership is much cheaper than the original one. i would say so."
36,22,8,mr thompson said the bord is under so many federal investigations and reviews its getting hard to keep track right now h is also reviewing whether s pal samantha dravis was col
37,23,8,Oh ok. That's ok.
38,24,8,I am a lawyer. I am not a lawyer.
39,29,8,ya i know i'm going to keep putting that gun on my bed.
40,35,8,"I just learned that the investigation and review part of h is based on what the prosecutors found and the investigation, as opposed to a few other cases that are still in the works. So, you should know that h is also a federal investigation and reviews investigation."
41,46,8,H is under so many federal investigations and reviews its getting hard to keep track right now
42,3,8,i voted for the senator and a bill passed yesterday that would have rescinded the treasury budget.
43,7,8,How was your conversation with Jon Thompson?
44,8,1,How many days do they talk about the Mueller report?
45,8,14,How many days do they talk about the Mueller report?
46,8,15,How many days do they talk about the Mueller report?
47,8,30,How many days do they talk about the Mueller report?
48,8,31,How many days do they talk about the Mueller report?
49,8,33,How many days do they talk about the Mueller report?
50,8,36,How many days do they talk about the Mueller report?
51,8,39,How many days do they talk about the Mueller report?
52,8,47,How many days do they talk about the Mueller report?
53,8,49,How many days do they talk about the Mueller report?
54,10,8,"Well, I'm very glad I found it, and I don't think I'd want to believe the gov't to do it, but my 'exhaustive' response to the news about what the gov't is doing is telling me that the gov't should go after them."
55,16,8, How does the figurem export consignments at an average cost of each bn times two be
56,18,8,That is not what they say and not what they are doing with their current business model.
57,22,8,i know what i'm reading about.
58,23,8,> What do you think about the u.s. enforcing a similar contract with the FBI? Do you think the FBI is doing that at all?
59,24,8,"I think the people reading this are being very irrational, and some people have made a lot of inflammatory and shitlike comments in the past, but some of them seem to be very unattractive and very elitist, with some of them really being a bit unintelligible and the rest is in a resentment towards that part of them. The snooping is still a big deal in my book, but the ones that I read and find hilarious are generally very important to the larger picture."
60,29,8,Do you know where the most controversial thing to hear today from a congressional committee from Jon Thompson. Do you know where it was from?
61,35,8,I'm at the liar and am getting ready to go back and watch a special. What are you getting into right now?
62,46,8,"""... you're putting pressure on the hmrc to reinvest in the hmrc to have them reinvest in the hmrc the government is very much putting pressure on the hmrc to allow them to reinvest in the hmrc"
63,3,8,How can I say that I'm not a skeptic?
64,7,8,[(http://www.reddit.com/r/raisedbythugs)](http://www.reddit.com/raisedbythugs)
65,8,1,'I'm not sure what you mean by this. '
66,8,14,'I'm not sure what you mean by this. '
67,8,15,'I'm not sure what you mean by this. '
68,8,30,'I'm not sure what you mean by this. '
69,8,31,'I'm not sure what you mean by this. '
70,8,33,'I'm not sure what you mean by this. '
71,8,36,'I'm not sure what you mean by this. '
72,8,39,'I'm not sure what you mean by this. '
73,8,47,'I'm not sure what you mean by this. '
74,8,49,'I'm not sure what you mean by this. '
75,10,8,"Wow, you're being kind of blunt and you're just being too kind to your fellow citizens."
76,16,8,"i can't find any evidence to support the claims that the people have been trying to deceive me in the past with the ""Morbid"" method."
77,18,8,[no.2](http://en.wikipedia.org/wiki/Language-of-the-Blair-A-Breast-Breast-Clarity/Language-of-The-Blair-Breast-Widden-Chern-Senate.jpg)
78,22,8,"So, Jon Thompson, the person who made the most public comments in the thread, is now telling me that he believes there is a lot of potential for abuse and ejaculation in the u.s. Government, and that the Trump campaign isn't going to turn around and use this guy as a ploy to make it sound like Trump is a little too manipulative for a public opinion."
79,23,8,"This was a good conversation for me, and it really made me think about the entire time I'm with the family."
80,24,8,"How would someone else do this? What would they do if they were to do it, and what would they do if they were going to do it?"
81,29,8,"Jon Thompson, who is a Republican, is a big red flag that the GOP is an obstructionist and that he's in trouble for stealing private property."
82,35,8,I listened to this and I just had the thought that it is based on what the FBI found and the evidence which is based on what the prosecutors found and the investigation.
83,46,8,"CANNOTANSWER: If a party likes to run for President, they should be allowed to do so. But in the meantime, they should just ignore it and go to the court to decide who will win the case."
84,3,8,[Creatives](http://www.reddit.com/r/raisedbythugs) have been on the FBI for six years now.
85,7,8,i've been to the hmrc before but haven't been in my sleep yet
86,8,1,i feel like this is the worst possible scenario for people on this sub.
87,8,14,i feel like this is the worst possible scenario for people on this sub.
88,8,15,i feel like this is the worst possible scenario for people on this sub.
89,8,30,i feel like this is the worst possible scenario for people on this sub.
90,8,31,i feel like this is the worst possible scenario for people on this sub.
91,8,33,i feel like this is the worst possible scenario for people on this sub.
92,8,36,i feel like this is the worst possible scenario for people on this sub.
93,8,39,i feel like this is the worst possible scenario for people on this sub.
94,8,47,i feel like this is the worst possible scenario for people on this sub.
95,8,49,i feel like this is the worst possible scenario for people on this sub.
96,10,8,[READING THE REPORT](http://www.reddit.com/r/raisedbythugs) (http://www.reddit.com/raisedbythugs)
97,16,8,So you've had visions for over a year of waking up and turning my tv on and seeing arrests being made simultaneouslyl thread kenneys take on safe injection sites is horribly misguided even in a vacuum as points out but i think that the president is examining the nature of the agreement trump signed with national archives.
98,18,8,>I'm interested to know what the legal implications are for the president's decision to remove a british official.
99,22,8,The most interesting part of the story is this:
100,23,8,You are a hypocrite.
101,24,8,"'i am not sure what you mean by this. i am not sure what you mean by this. i am not sure what you mean by this. i'm not sure what you mean by this. i am not sure what you mean by this. i think that the intelligence community has a legitimate interest in making a fucking conspiracy against our country. I think that's really easy to make a case against something like this. It sounds like the intelligence community is doing everything imaginable, and i think that the"
102,29,8,(http://www.reddit.com/r/raisedbythugs)
103,35,8,"[as the fbi reports](https://www.fbi.gov/en/gph/phsephtl/pdfs/the-fbi-fsg_and_cphscc/pdfs.html) is a report to Congress and the U.S. Department of State which contains a report detailing how the report is being made. A separate report can be made to this committee, so we'll need a separate report to cover this"
104,46,8,>Do you like Trump? the government is very much putting pressure on the hmrc to allow them to reinvest in the hmrc
105,3,8,"You are absolutely correct, you are an enlightened man."
106,7,8,'I just listened to this and I just had the thought that it is based on what the FBI found and the evidence which is based on what the prosecutors found and the investigation.'
107,8,1,"CANNOTANSWER - ""This is interesting information. Are you sure there isn't any other possible conspiracy?"""
108,8,14,"CANNOTANSWER - ""This is interesting information. Are you sure there isn't any other possible conspiracy?"""
109,8,15,"CANNOTANSWER - ""This is interesting information. Are you sure there isn't any other possible conspiracy?"""
110,8,30,"CANNOTANSWER - ""This is interesting information. Are you sure there isn't any other possible conspiracy?"""
111,8,31,"CANNOTANSWER - ""This is interesting information. Are you sure there isn't any other possible conspiracy?"""
112,8,33,"CANNOTANSWER - ""This is interesting information. Are you sure there isn't any other possible conspiracy?"""
113,8,36,"CANNOTANSWER - ""This is interesting information. Are you sure there isn't any other possible conspiracy?"""
114,8,39,"CANNOTANSWER - ""This is interesting information. Are you sure there isn't any other possible conspiracy?"""
115,8,47,"CANNOTANSWER - ""This is interesting information. Are you sure there isn't any other possible conspiracy?"""
116,8,49,"CANNOTANSWER - ""This is interesting information. Are you sure there isn't any other possible conspiracy?"""
117,10,8,"The president is making money for his own personal gains, not the government's. He is making money for the public interest, and he's trying to get away with it. He will have to do it on his own money for the government. But he's going to have to work hard to make that money."
118,16,8,">""The snooping is still a big deal in my book, but the ones that I read and find hilarious are generally very important to the larger picture."
119,18,8,It seems like the FBI has not been able to implement the budget they had in mind and is not able to take into consideration.
120,22,8,">Do you like Trump? This is the most controversial thing to hear today from a congressional committee from Jon Thompson. The CIA and FBI aren't going to stop it, and they have a good reason to keep a close eye on the FBI, including any attempt to track an illegality."
121,23,8,Exactly. They aren't reporting on the financial stability of the private sector. There's no good reason to believe that this is all based on this.
122,24,8,I think the NSA is doing a great job of bringing down the NSA's own dicks.
123,29,8,"I'm glad you're having a good time today. It's been so hard for me to say this, but I just couldn't imagine how difficult it was for me to make it through all these comments. I have been reading a little, but it's been a very difficult week."
124,35,8,Clearly you don't like the racial/ethnic divide. Surely the oligarchs should not allow that.
125,46,8,"I'm a huge supporter of a conservative candidate, but I think you are missing the point."
126,3,8,The most interesting part of this is a comment on how the government is being treated by both parties.
127,7,8,Are you not a skeptic?
128,8,1,">Way, a woman in a dream with a gun is going to get more expensive. A woman would be a little more aggressive with it."
129,8,14,">Way, a woman in a dream with a gun is going to get more expensive. A woman would be a little more aggressive with it."
130,8,15,">Way, a woman in a dream with a gun is going to get more expensive. A woman would be a little more aggressive with it."
131,8,30,">Way, a woman in a dream with a gun is going to get more expensive. A woman would be a little more aggressive with it."
132,8,31,">Way, a woman in a dream with a gun is going to get more expensive. A woman would be a little more aggressive with it."
133,8,33,">Way, a woman in a dream with a gun is going to get more expensive. A woman would be a little more aggressive with it."
134,8,36,">Way, a woman in a dream with a gun is going to get more expensive. A woman would be a little more aggressive with it."
135,8,39,">Way, a woman in a dream with a gun is going to get more expensive. A woman would be a little more aggressive with it."
136,8,47,">Way, a woman in a dream with a gun is going to get more expensive. A woman would be a little more aggressive with it."
137,8,49,">Way, a woman in a dream with a gun is going to get more expensive. A woman would be a little more aggressive with it."
138,10,8,"[NAME] is a member of the fbi, and has been making a few posts about the same thing."
139,16,8,The first one has been really scary. What do you think about the'snooping is still a big deal in my book?
140,18,8,"I've been a skeptic for a year, so I’m very much hesitant to speak about this. But I really do think the issue of a remark about the government being so shady and unfair is something I don’t see being an easy solution to. I think the issue of how government works is very important in context."
141,22,8,I think the FBI needs to change their approach in the direction of pursuing such a thing.
142,23,8,"So, I'm not sure what is more interesting about the case, but what is more important is the fact that Trump is a liar."
143,24,8,"[Hey! I’m doing well! How are you? Because I’ve just read what you said here and I’m doing well! How are you? Because I love all the people who said that they are in the top 3 most controversial presidential candidates, and this thread demonstrates how they are a problem and not an option. I am not an expert, but I can say that I am one of those people."
144,29,8,[Sign o r/raisedbythugs](http://www.reddit.com/r/raisedbythugs)(http://www.reddit.com/raisedbythugs) is the only part that shows what [Treason of the President](http://www.Raisedbythugs.com/r/Raisedbythugs.com/raisedbythugs.pdf)(http://www.reddit.com/Ra
145,35,8,"[NAME]: [NAME]: ""Have you ever heard of the fbi being responsible for [Harris]'s corruption and he has made a pretty outrageous bribery by knowingly lying to me about it? I'm just telling you that I don't think that it's a good idea to start investigating it because it's a major part of your job as a bluff. How will he get a job with a mrs. or a national press commission"" in Washington""(http"
146,46,8,"CANNOTANSWER - ""i am not sure what you mean by this. I think the intelligence community has a legitimate interest in making a fucking conspiracy against our country."
